Customer_Index,Churn_Probability,Top_Recommendation
1289,0.955483651689834,tenure
83,0.9504263580034963,tenure
124,0.948383816518755,tenure
618,0.9453531575335467,Partner
171,0.9387523887136537,tenure
344,0.9383609414183787,HasDependents
816,0.9328158234582332,Contract
435,0.9276917381063113,SeniorCitizen
629,0.9173192071302393,tenure
952,0.91393186322082,Contract
